{"timeStamp":[6,20,40,60,80,100,120,140,160,180,200,220,240,260,280,300,320,340,360,380,400,420,440,460,480,501,521,540,560,580,600,620,640,660,681,700,720,740,761,780,800,821,840,860,880,900,920,940,960,980,1000,1020,1040,1060,1081,1100,1120,1140,1160,1180,1200,1220,1240,1260,1280,1301,1320,1340,1360,1380,1400,1420,1440,1460,1481,1500,1520,1540,1561,1580,1600,1620,1640,1661,1680,1700,1720,1740,1760,1780,1800,1821,1841,1860,1880,1900,1921,1940,1960,1980,2000,2020,2040,2061,2080,2100,2120,2140,2160],"setpoint":[0,41,41,41,41,41,41,41,82,82,82,82,82,184,184,184,184,184,307,307,307,307,307,430,430,430,430,430,553,553,553,553,553,676,676,676,676,676,800,800,800,800,800,902,902,902,902,902,957,957,957,957,957,945,945,945,945,945,871,871,871,871,871,762,762,762,762,762,639,639,639,639,639,516,516,516,516,516,393,393,393,393,393,270,270,270,270,270,153,153,153,153,153,63,63,63,63,63,14,14,14,14,14,0,0,0,0,0,0],"velocity":[0,0,0,0,0,0,0,0,0,0,2,6,17,35,59,86,110,128,145,161,180,203,230,257,287,319,350,381,407,434,459,482,502,520,541,564,588,616,645,674,705,730,755,778,802,827,853,875,893,909,925,941,957,971,983,990,995,998,996,990,975,953,926,897,869,845,826,813,804,795,784,768,746,718,685,653,620,588,560,531,499,466,429,387,343,300,261,226,201,193,201,220,240,255,256,243,218,187,151,114,72,30,-8,-41,-64,-75,-75,-68,-55],"position":[10348,10348,10348,10348,10348,10348,10348,10348,10349,10350,10356,10372,10395,10423,10451,10481,10511,10548,10596,10640,10695,10760,10827,10900,10979,11069,11158,11252,11347,11450,11556,11670,11785,11901,12033,12165,12301,12450,12593,12745,12911,13073,13242,13407,13586,13781,13958,14146,14328,14523,14722,14921,15115,15318,15519,15718,15919,16113,16304,16486,16660,16830,16992,17156,17315,17478,17636,17791,17947,18097,18234,18369,18495,18615,18734,18838,18941,19045,19130,19213,19289,19349,19402,19448,19487,19523,19555,19588,19636,19700,19756,19807,19855,19896,19931,19957,19976,19989,19988,19977,19963,19945,19927,19910,19897,19888,19883,19879,19878],"error":[0,0,41,41,41,41,41,41,41,41,80,80,80,80,80,80,80,80,39,39,39,39,39,39,39,39,75,75,75,75,75,75,75,75,134,134,134,134,134,134,134,134,41,41,41,41,41,41,41,41,31,31,31,31,31,31,31,31,-51,-51,-51,-51,-51,-51,-51,-51,-64,-64,-64,-64,-64,-64,-64,-64,-169,-169,-169,-169,-169,-169,-169,-169,-34,-34,-34,-34,-34,-34,-34,-34,-34,-50,-50,-50,-50,-50,-50,-50,-50,-86,-86,-86,-86,-86,-86,-86,75,75,75],"vOut":[0.0,0.0,0.8762463343108504,0.8762463343108504,0.8762463343108504,0.8762463343108504,0.8762463343108504,0.8762463343108504,0.8762463343108504,1.7768328445747803,1.7504887585532747,1.6901270772238512,1.5573313782991203,1.3400293255131965,3.259530791788856,2.77663734115347,2.6317693059628544,2.2816715542521995,4.694037145650049,4.586265884652981,4.358748778103617,4.0713587487781036,3.7480449657869013,3.3888074291300097,5.652003910068426,5.280791788856305,4.7260997067448685,4.35542521994135,4.01950146627566,6.243548387096775,5.942375366568916,5.675953079178886,5.432697947214077,5.201026392961878,7.540909090909092,7.262903225806452,6.961730205278593,6.625806451612903,6.266715542521995,8.4791788856305,8.1316715542522,7.668328445747801,7.295698924731183,7.0146627565982405,8.779569892473118,8.498533724340176,8.195014662756599,7.936461388074292,7.711632453567937,8.53225806451613,8.497653958944282,8.303225806451612,8.211730205278592,8.051612903225807,7.651319648093841,7.55982404692082,7.479765395894428,7.4683284457478,7.639589442815248,6.249511241446725,6.471456500488758,6.763489736070381,7.125610948191593,7.289149560117302,5.350048875855327,5.653763440860215,6.07238514173998,6.241397849462365,6.374193548387097,3.8027859237536656,3.947653958944281,4.140811339198436,4.418475073313783,4.780645161290322,2.4686217008797655,2.8860215053763443,3.4942326490713596,3.685043988269795,1.586119257086999,1.967741935483871,2.146627565982405,2.8025415444770285,3.090909090909091,1.2121212121212122,1.490909090909091,2.303030303030303,2.775757575757576,2.9696969696969697,0.8363636363636363,0.884848484848485,0.7847018572825024,0.0,0.0,-1.8832844574780059,-1.8832844574780059,-1.5694037145650048,-1.4003910068426197,-1.0140762463343107,-0.593939393939394,-1.1636363636363636,0.0,0.0,0.0,0.6666666666666667,0.7878787878787878,0.9575757575757576,0.9575757575757576,0.7878787878787878,0.703030303030303]}