{"timeStamp":[3,20,40,60,80,100,121,140,160,180,200,220,241,260,280,300,321,340,360,380,400,420,440,460,480,501,520,541,560,580,601,621,640,660,680,700,721,740,760,781,800,820,840,860,880,900,920,940,961,980,1000,1021,1041,1060,1080,1100,1120,1140,1160,1180,1200,1220,1241,1260,1280,1301,1320,1341,1360,1380,1400,1420,1440,1460,1480,1500,1520,1540,1561,1580,1600,1620,1640,1660,1680,1701,1721,1741,1761,1780,1800,1820,1840,1860,1880,1900,1921,1940,1960,1980,2000,2020,2040,2060,2080,2100,2120,2140],"setpoint":[41,41,41,41,41,41,41,82,82,82,82,82,184,184,184,184,184,307,307,307,307,307,430,430,430,430,430,553,553,553,553,553,676,676,676,676,676,800,800,800,800,800,902,902,902,902,902,957,957,957,957,957,945,945,945,945,945,871,871,871,871,871,762,762,762,762,762,639,639,639,639,639,516,516,516,516,516,393,393,393,393,393,270,270,270,270,270,153,153,153,153,153,63,63,63,63,63,14,14,14,14,14,0,0,0,0,0,0],"velocity":[0,0,0,0,0,0,0,0,0,1,2,6,12,23,40,64,98,131,167,199,224,247,266,288,308,329,351,374,399,427,458,488,519,549,580,603,625,645,660,677,693,714,739,770,802,833,865,893,919,942,958,966,964,956,948,946,948,953,959,962,960,950,934,914,889,862,834,809,779,746,709,669,631,596,572,558,554,553,552,545,528,502,470,435,397,358,317,276,234,192,155,122,93,70,56,54,61,71,80,83,75,60,42,25,13,5,1,0],"position":[10073,10073,10073,10073,10073,10073,10073,10073,10074,10076,10081,10089,10103,10123,10156,10196,10245,10291,10344,10393,10453,10528,10591,10659,10741,10823,10905,11003,11108,11209,11326,11445,11573,11700,11841,11959,12101,12239,12386,12536,12684,12857,13031,13206,13390,13570,13779,13960,14161,14357,14542,14726,14912,15109,15299,15492,15681,15881,16070,16257,16437,16609,16782,16941,17106,17257,17405,17543,17669,17791,17904,18008,18121,18229,18345,18457,18569,18669,18772,18865,18940,19018,19088,19148,19196,19236,19271,19296,19316,19330,19340,19346,19353,19362,19387,19407,19425,19440,19450,19455,19456,19456,19456,19456,19456,19456,19456,19456],"error":[0,0,41,41,41,41,41,41,41,41,81,81,81,81,81,81,81,81,174,174,174,174,174,174,174,174,97,97,97,97,97,97,97,97,124,124,124,124,124,124,124,124,83,83,83,83,83,83,83,83,15,15,15,15,15,15,15,15,-8,-8,-8,-8,-8,-8,-8,-8,-100,-100,-100,-100,-100,-100,-100,-100,-80,-80,-80,-80,-80,-80,-80,-80,-109,-109,-109,-109,-109,-109,-109,-37,-37,-37,-37,-37,-37,-37,-37,-37,-8,-8,-8,-8,-8,-8,-8,-8,-5,-5],"vOut":[0.0,0.8727272727272727,0.8727272727272727,0.8727272727272727,0.8727272727272727,0.8727272727272727,0.8727272727272727,1.76969696969697,1.76969696969697,1.7363147605083091,1.724340175953079,1.6764418377321602,1.604594330400782,3.676197458455523,3.4606549364613883,3.161290322580645,2.778103616813294,2.3255131964809386,4.507917888563051,4.114369501466276,3.780449657869013,3.5061583577712616,3.255718475073314,5.617008797653959,5.378494623655914,4.895014662756598,4.631964809384164,4.3689149560117295,6.599120234604106,6.267448680351905,5.878592375366568,5.535483870967742,7.502639296187683,7.362414467253177,7.006353861192571,6.70772238514174,6.443548387096774,6.202346041055718,8.57991202346041,8.361681329423265,8.18939393939394,7.700293255131965,7.39941348973607,9.09325513196481,8.72551319648094,8.346627565982406,7.9900293255131976,7.644574780058651,8.435777126099707,8.174193548387098,8.027419354838711,7.993548387096776,8.016129032258066,7.869354838709677,7.95967741935484,7.98225806451613,7.95967741935484,8.12008797653959,6.498387096774194,6.463636363636364,6.486803519061584,6.602639296187683,6.787976539589444,4.760850439882698,5.062023460410558,5.735826001955034,5.9154447702834805,6.238758553274682,3.975562072336266,4.370723362658847,5.08919843597263,5.340664711632454,5.819648093841643,3.5720430107526884,3.879569892473118,4.1043010752688165,4.116129032258064,1.5139784946236559,1.5139784946236559,1.6913978494623654,1.7978494623655914,2.160948191593353,2.571407624633431,0.0,0.8088465298142717,1.5694037145650048,1.8229227761485827,0.0,0.0,0.8656891495601172,1.3346041055718476,1.743401759530792,2.1041055718475072,0.0,0.6372434017595309,0.6733137829912024,0.6011730205278593,0.47082111436950147,-0.7122678396871944,-0.7484848484848485,-0.6519061583577712,-0.47082111436950147,0.0,0.0,0.0,0.0,0.0,0.0]}